{"tetrahedron":{"verts":[[1,1,1],[1,-1,-1],[-1,1,-1],[-1,-1,1]],"edges":[[0,1],[0,2],[0,3],[1,2],[1,3],[2,3]],"faces":[[2,0,1],[3,1,0],[3,0,2],[2,1,3]]},"cube":{"verts":[[-1,-1,-1],[-1,-1,1],[-1,1,-1],[-1,1,1],[1,-1,-1],[1,-1,1],[1,1,-1],[1,1,1]],"edges":[[0,1],[0,2],[0,4],[1,3],[1,5],[2,3],[2,6],[3,7],[4,5],[4,6],[5,7],[6,7]],"faces":[[1,3,2],[1,2,0],[0,4,5],[0,5,1],[2,6,4],[2,4,0],[1,5,7],[1,7,3],[3,7,6],[3,6,2],[4,6,7],[4,7,5]]},"octahedron":{"verts":[[1,0,0],[-1,0,0],[0,1,0],[0,-1,0],[0,0,1],[0,0,-1]],"edges":[[0,2],[0,3],[0,4],[0,5],[1,2],[1,3],[1,4],[1,5],[2,4],[2,5],[3,4],[3,5]],"faces":[[4,0,2],[2,0,5],[3,0,4],[5,0,3],[4,2,1],[1,2,5],[1,3,4],[5,3,1]]},"dodecahedron":{"verts":[[-0.5773502691896258,-0.5773502691896258,-0.5773502691896258],[-0.5773502691896258,-0.5773502691896258,0.5773502691896258],[-0.5773502691896258,0.5773502691896258,-0.5773502691896258],[-0.5773502691896258,0.5773502691896258,0.5773502691896258],[0.5773502691896258,-0.5773502691896258,-0.5773502691896258],[0.5773502691896258,-0.5773502691896258,0.5773502691896258],[0.5773502691896258,0.5773502691896258,-0.5773502691896258],[0.5773502691896258,0.5773502691896258,0.5773502691896258],[0.0,0.35682208977308993,0.9341723589627158],[0.0,0.35682208977308993,-0.9341723589627158],[0.0,-0.35682208977308993,0.9341723589627158],[0.0,-0.35682208977308993,-0.9341723589627158],[0.35682208977308993,0.9341723589627158,0.0],[0.35682208977308993,-0.9341723589627158,0.0],[-0.35682208977308993,0.9341723589627158,0.0],[-0.35682208977308993,-0.9341723589627158,0.0],[0.9341723589627158,0.0,0.35682208977308993],[0.9341723589627158,0.0,-0.35682208977308993],[-0.9341723589627158,0.0,0.35682208977308993],[-0.9341723589627158,0.0,-0.35682208977308993]],"edges":[[0,11],[0,15],[0,19],[1,10],[1,15],[1,18],[2,9],[2,14],[2,19],[3,8],[3,14],[3,18],[4,11],[4,13],[4,17],[5,10],[5,13],[5,16],[6,9],[6,12],[6,17],[7,8],[7,12],[7,16],[8,10],[9,11],[12,14],[13,15],[16,17],[18,19]],"faces":[[19,0,15],[19,15,1],[19,1,18],[2,9,11],[2,11,0],[2,0,19],[0,11,4],[0,4,13],[0,13,15],[1,10,8],[1,8,3],[1,3,18],[15,13,5],[15,5,10],[15,10,1],[18,3,14],[18,14,2],[18,2,19],[14,12,6],[14,6,9],[14,9,2],[3,8,7],[3,7,12],[3,12,14],[4,17,16],[4,16,5],[4,5,13],[9,6,17],[9,17,4],[9,4,11],[10,5,16],[10,16,7],[10,7,8],[7,16,17],[7,17,6],[7,6,12]]},"icosahedron":{"verts":[[0.0,-0.5257311121191336,-0.85065080835204],[0.0,-0.5257311121191336,0.85065080835204],[0.0,0.5257311121191336,-0.85065080835204],[0.0,0.5257311121191336,0.85065080835204],[-0.5257311121191336,-0.85065080835204,0.0],[-0.5257311121191336,0.85065080835204,0.0],[0.5257311121191336,-0.85065080835204,0.0],[0.5257311121191336,0.85065080835204,0.0],[-0.85065080835204,0.0,-0.5257311121191336],[-0.85065080835204,0.0,0.5257311121191336],[0.85065080835204,0.0,-0.5257311121191336],[0.85065080835204,0.0,0.5257311121191336]],"edges":[[0,2],[0,4],[0,6],[0,8],[0,10],[1,3],[1,4],[1,6],[1,9],[1,11],[2,5],[2,7],[2,8],[2,10],[3,5],[3,7],[3,9],[3,11],[4,6],[4,8],[4,9],[5,7],[5,8],[5,9],[6,10],[6,11],[7,10],[7,11],[8,9],[10,11]],"faces":[[2,0,8],[2,10,0],[0,6,4],[8,0,4],[0,10,6],[1,3,9],[1,11,3],[4,6,1],[4,1,9],[6,11,1],[5,7,2],[5,2,8],[7,10,2],[3,7,5],[9,3,5],[3,11,7],[9,8,4],[9,5,8],[10,11,6],[10,7,11]]}}